-- Existing Users (already correct)
INSERT INTO `TPintegrador`.`usuario` (`idUsuario`, `username`, `nivel`, `reputacion`) VALUES
(1, 'juan.perez', 'Normal', 150),
(2, 'maria.gonzalez', 'Platinum', 300),
(3, 'carlos.rodriguez', 'Normal', 120),
(4, 'ana.lopez', 'Gold', 550),
(5, 'pedro.martinez', 'Platinum', 280),
(6, 'laura.fernandez', NULL, 90),
(7, 'javier.diaz', 'Gold', 600),
(8, 'sofia.ruiz', 'Platinum', 320),
(9, 'diego.sanchez', 'Normal', 110),
(10, 'valentina.gomez', 'Gold', 850),
(11, 'martin.torres', NULL, 75),
(12, 'camila.ramirez', 'Normal', 160),
(13, 'facundo.flores', 'Gold', 580),
(14, 'agustina.benitez', 'Platinum', 290),
(15, 'nicolas.acosta', 'Normal', 130),
(16, 'florencia.ortiz', 'Gold', 920),
(17, 'sebastian.herrera', NULL, 80),
(18, 'emilia.garcia', 'Normal', 140),
(19, 'rodrigo.moreno', 'Gold', 610),
(20, 'lucia.blanco', 'Platinum', 310),
(21, 'gabriel.sosa', 'Normal', 170),
(22, 'daniel.paz', 'Gold', 650),
(23, 'carolina.vargas', 'Platinum', 330),
(24, 'enzo.alvarez', NULL, 95),
(25, 'paula.romero', 'Normal', 105),
(26, 'lucas.gimenez', 'Gold', 700),
(27, 'sofia.pereyra', 'Platinum', 340),
(28, 'matias.vega', 'Normal', 115),
(29, 'rocio.castro', 'Gold', 750),
(30, 'federico.aguirre', NULL, 100),
(31, 'valeria.nuñez', 'Normal', 125),
(32, 'maximiliano.mendez', 'Gold', 800),
(33, 'victoria.rojas', 'Platinum', 350),
(34, 'ignacio.silva', 'Normal', 135),
(35, 'lourdes.dominguez', 'Gold', 880),
(36, 'joaquin.gallo', NULL, 110),
(37, 'emilia.sanchez', 'Normal', 145),
(38, 'agustin.franco', 'Gold', 900),
(39, 'valentina.ledesma', 'Platinum', 360),
(40, 'benjamin.ortega', 'Normal', 155);

-- Existing Categories (already correct)
INSERT INTO `TPintegrador`.`categoria` (`idCategoria`, `nombre`) VALUES
(1, 'Electrónica'),
(2, 'Ropa'),
(3, 'Hogar'),
(4, 'Deportes'),
(5, 'Libros'),
(6, 'Automotriz'),
(7, 'Salud y Belleza'),
(8, 'Jardinería'),
(9, 'Arte'),
(10, 'Mascotas');

-- Existing Products (already correct)
INSERT INTO `TPintegrador`.`producto` (`idProducto`, `nombre`, `descripcion`) VALUES
(1, 'Smartphone Samsung S22', 'Teléfono inteligente de alta gama con cámara mejorada'),
(2, 'Remera Deportiva Nike', 'Remera de algodón para ejercicio transpirable'),
(3, 'Set de Sábanas King Size', 'Juego de sábanas de algodón egipcio de 600 hilos'),
(4, 'Pelota de Fútbol Adidas', 'Balón de fútbol oficial AFA, talla 5'),
(5, 'Novela "Cien Años de Soledad"', 'Clásico de la literatura latinoamericana de Gabriel García Márquez'),
(6, 'Smartphone Xiaomi Redmi', 'Teléfono inteligente de gama media con batería de larga duración'),
(7, 'Buzo con Capucha Adidas', 'Buzo de algodón con capucha y bolsillo canguro'),
(8, 'Toallas de Mano Algodón', 'Set de toallas pequeñas de algodón 100% orgánico'),
(9, 'Pelota de Baloncesto Spalding', 'Balón de baloncesto oficial NBA, talla 7'),
(10, 'Libro "Hábitos Atómicos"', 'Best-seller de autoayuda para construir buenos hábitos'),
(11, 'Coche de Juguete Hot Wheels', 'Miniatura de coche de colección, escala 1:64'),
(12, 'Aceite de Motor Castrol', 'Aceite sintético 5W-30 para motores modernos'),
(13, 'Crema Antiarrugas Nivea', 'Crema facial para piel madura con Q10 y protección solar'),
(14, 'Kit de Jardinería Básico', 'Set de herramientas de mano para jardín, incluye pala y rastrillo'),
(15, 'Pintura Acuarela Winsor & Newton', 'Set de acuarelas profesionales, 12 colores vibrantes'),
(16, 'Correa Extensible para Perro', 'Correa retráctil de 5 metros para perros de hasta 20kg'),
(17, 'Auriculares Bluetooth Sony', 'Auriculares supraaurales con Bluetooth y cancelación de ruido'),
(18, 'Consola PlayStation 5', 'Consola de última generación de Sony con gráficos 4K'),
(19, 'Café Tostado en Grano', 'Granos de café 100% arábica, tueste medio'),
(20, 'Teclado Mecánico Redragon', 'Teclado gamer con switches rojos e iluminación RGB'),
(21, 'Drone DJI Mini 3 Pro', 'Drone compacto con cámara 4K y 34 minutos de vuelo'),
(22, 'Zapatillas Running Asics', 'Zapatillas de running con amortiguación GEL para hombre'),
(23, 'Robot Aspirador Roomba i3', 'Aspiradora inteligente con mapeo y control por app'),
(24, 'Mancuernas Ajustables', 'Set de mancuernas de 2.5kg a 24kg, ajustables'),
(25, 'Enciclopedia Larousse', 'Colección de enciclopedias ilustradas, 10 volúmenes'),
(26, 'Monitor Curvo Samsung', 'Monitor gaming de 27 pulgadas, 144Hz, 1ms'),
(27, 'Billetera de Cuero Genuino', 'Billetera minimalista de cuero, para tarjetas y billetes'),
(28, 'Set de Ollas Antiadherentes', 'Juego de 5 ollas con tapa de vidrio y recubrimiento antiadherente'),
(29, 'Bicicleta de Montaña Rodado 29', 'Bicicleta MTB con suspensión delantera y 21 velocidades'),
(30, 'Audífonos Inalámbricos Bose', 'Auriculares con cancelación de ruido y sonido premium'),
(31, 'Kit de Herramientas Completas', 'Maletín con herramientas para el hogar, 100 piezas'),
(32, 'Neumáticos Michelin Primacy', 'Neumáticos de alta performance para autos, bajo ruido'),
(33, 'Serum Vitamina C La Roche-Posay', 'Serum antioxidante para iluminar y unificar el tono de la piel'),
(34, 'Semillas de Tomate Orgánico', 'Paquete de semillas de tomate cherry, aptas para huerta'),
(35, 'Set de Pinceles para Pintura', 'Set de 15 pinceles de diferentes tamaños para acrílico y óleo'),
(36, 'Rascador para Gatos Grande', 'Rascador con múltiples niveles y cuevas para gatos'),
(37, 'Proyector Portátil Epson', 'Proyector mini HD para cine en casa y presentaciones'),
(38, 'Smart TV LG 55 Pulgadas', 'Televisor inteligente 4K UHD con ThinQ AI'),
(39, 'Libro "El Poder del Ahora"', 'Best-seller de autoayuda y espiritualidad de Eckhart Tolle'),
(40, 'Silla Gamer Ergonómica', 'Silla de escritorio con soporte lumbar y reposacabezas ajustable');

-- Existing States (already correct)
INSERT INTO `TPintegrador`.`estado` (`idEstado`, `nombre`) VALUES
(1, 'Pendiente de Pago'),
(2, 'Procesando'),
(3, 'Enviado'),
(4, 'Entregado'),
(5, 'Cancelado'),
(6, 'Reembolsado'),
(7, 'Devuelto'),
(8, 'En Espera'),
(9, 'Fallido'),
(10, 'Completado'),
(11, 'Finalizada'),
(12, 'Pausada');

-- ALL Subastas (initial and new)
INSERT INTO `TPintegrador`.`subasta` (`idSubasta`, `monto`) VALUES
(1, 950.00),
(2, 135.00),
(3, 420.00),
(4, 300.00),
(5, 510.00),
(6, 175.00),
(7, 680.00),
(8, 496.31),
(9, 601.1),
(10, 600.52),
(11, 193.19);

-- Existing Payment Methods (already correct)
INSERT INTO `TPintegrador`.`metodoPago` (`idMetodoPago`, `nombre`) VALUES
(1, 'Tarjeta de Credito'),
(2, 'Tarjeta de Debito'),
(3, 'Pago Facil'),
(4, 'Rapipago');

-- Existing Shipping Methods (already correct)
INSERT INTO `TPintegrador`.`metodoEnvio` (`idMetodoEnvio`, `empresa`) VALUES
(1, 'Correo Argentino'),
(2, 'OCA');

-- ALL Publicaciones (initial and new)
INSERT INTO `TPintegrador`.`publicacion`
(`idPublicacion`, `idUsuarioV`, `idCategoria`, `idProducto`, `precio`, `estaActiva`, `fechaPublicacion`, `idEstado`, `nivelVistas`, `subastaId`) VALUES
(1, 4, 1, 21, 990.00, 1, '2025-06-01', 1, 'Oro', 1),
(2, 5, 2, 22, 150.00, 1, '2025-06-02', 3, 'Platino', 2),
(3, 6, 3, 23, 430.00, 1, '2025-06-03', 8, 'Bronce', 3),
(4, 7, 4, 24, 320.00, 1, '2025-06-04', 2, 'Oro', 4),
(5, 8, 5, 25, 520.00, 1, '2025-06-05', 1, 'Plata', 5),
(6, 9, 6, 26, 180.00, 1, '2025-06-06', 4, 'Bronce', 6),
(7, 10, 7, 27, 690.00, 1, '2025-06-07', 6, 'Platino', 7),
(8, 11, 8, 28, 75.00, 1, '2025-06-08', 1, 'Plata', NULL),
(9, 12, 9, 29, 470.00, 1, '2025-06-09', 10, 'Oro', NULL),
(10, 13, 10, 30, 255.00, 1, '2025-06-10', 11, 'Bronce', NULL),
(11, 14, 1, 31, 85.00, 1, '2025-06-11', 3, 'Plata', NULL),
(12, 15, 2, 32, 95.00, 1, '2025-06-12', 2, 'Oro', NULL),
(13, 16, 3, 33, 40.00, 1, '2025-06-13', 4, 'Platino', NULL),
(14, 17, 4, 34, 15.00, 1, '2025-06-14', 6, 'Bronce', NULL),
(15, 18, 5, 35, 28.00, 1, '2025-06-15', 8, 'Oro', NULL),
(16, 19, 6, 36, 60.00, 1, '2025-06-16', 1, 'Bronce', NULL),
(17, 20, 7, 37, 310.00, 1, '2025-06-17', 10, 'Platino', NULL),
(18, 21, 8, 38, 705.00, 1, '2025-06-18', 11, 'Plata', NULL),
(19, 22, 9, 39, 14.00, 1, '2025-06-19', 3, 'Bronce', NULL),
(20, 23, 10, 40, 185.00, 1, '2025-06-20', 2, 'Oro', NULL),
(21, 24, 1, 1, 770.00, 1, '2025-06-21', 4, 'Platino', NULL),
(22, 25, 2, 2, 33.00, 1, '2025-06-22', 6, 'Plata', NULL),
(23, 26, 3, 3, 69.00, 1, '2025-06-23', 8, 'Oro', NULL),
(24, 27, 4, 4, 39.00, 1, '2025-06-24', 10, 'Bronce', NULL),
(25, 28, 5, 5, 23.00, 1, '2025-06-25', 11, 'Platino', NULL),
(26, 37, 2, 15, 261.97, 1, '2025-06-26', 2, 'Oro', 8),
(27, 10, 6, 22, 49.46, 1, '2025-06-27', 4, 'Bronce', 9),
(28, 32, 8, 1, 907.8, 1, '2025-06-28', 7, 'Plata', 10),
(29, 3, 1, 12, 618.15, 1, '2025-06-29', 12, 'Oro', 11),
(30, 28, 10, 25, 780.5, 1, '2025-06-30', 3, 'Bronce', NULL),
(31, 24, 8, 2, 366.95, 1, '2025-07-01', 11, 'Bronce', NULL),
(32, 9, 7, 13, 690.05, 1, '2025-07-02', 1, 'Bronce', NULL),
(33, 15, 9, 4, 643.03, 1, '2025-07-03', 8, 'Oro', NULL),
(34, 31, 6, 8, 46.45, 1, '2025-07-04', 4, 'Platino', NULL),
(35, 20, 10, 20, 787.73, 1, '2025-07-05', 3, 'Oro', NULL),
(36, 16, 3, 20, 158.05, 1, '2025-07-06', 11, 'Bronce', NULL),
(37, 18, 4, 1, 725.06, 1, '2025-07-07', 2, 'Oro', NULL),
(38, 6, 7, 26, 807.04, 1, '2025-07-08', 10, 'Bronce', NULL),
(39, 24, 1, 32, 605.85, 1, '2025-07-09', 5, 'Bronce', NULL),
(40, 6, 6, 38, 115.11, 1, '2025-07-10', 4, 'Oro', NULL);


-- ALL Comentarios (initial and new)
INSERT INTO `TPintegrador`.`comentario` (`idComentario`, `idPublicacion`, `pregunta`, `idUsuarioPregunta`, `respuesta`, `fecha`) VALUES
(1, 1, '¿El producto es nuevo y sellado?', 2, 'Sí, completamente nuevo y sellado.', '2024-01-02'),
(2, 2, '¿Qué tallas están disponibles?', 3, 'Tenemos M, L y XL.', '2024-01-06'),
(3, 3, '¿Realizan envíos a todo el país?', 4, 'Sí, enviamos a todo el país.', '2024-01-11'),
(4, 4, '¿El precio es negociable?', 5, 'El precio publicado es el final.', '2024-01-13'),
(5, 5, '¿Tienen stock para entrega inmediata?', 6, 'Sí, tenemos stock para envío inmediato.', '2024-01-16'),
(6, 6, '¿El producto es compatible con Android?', 1, 'Sí, es compatible con Android 10 o superior.', '2024-01-19'),
(7, 7, '¿La tela es transpirable?', 2, 'Sí, es un tejido técnico muy transpirable.', '2024-01-21'),
(8, 8, '¿Qué tipo de algodón es?', 3, 'Algodón Pima de alta calidad.', '2024-01-23'),
(9, 9, '¿Es apta para uso en exteriores?', 4, 'Sí, es resistente al agua y al desgaste.', '2024-01-26'),
(10, 10, '¿Es una edición de bolsillo?', 5, 'No, es la edición de tapa dura.', '2024-01-29'),
(11, 11, '¿Cuál es la autonomía de la batería?', 6, 'Aproximadamente 8 horas de uso continuo.', '2024-02-02'),
(12, 12, '¿El buzo tiene bolsillos laterales?', 7, 'Sí, tiene dos bolsillos frontales.', '2024-02-04'),
(13, 13, '¿Las toallas sueltan pelusa?', 8, 'No, están prelavadas para evitarlo.', '2024-02-06'),
(14, 14, '¿Es original o réplica?', 9, 'Es un producto 100% original con licencia oficial.', '2024-02-08'),
(15, 15, '¿El libro incluye separador?', 10, 'Sí, incluye un separador de diseño exclusivo.', '2024-02-10'),
(16, 16, '¿La correa es apta para perros grandes?', 11, 'No, es para perros pequeños y medianos.', '2024-02-13'),
(17, 17, '¿Viene con estuche de carga?', 12, 'Sí, incluye un estuche de carga portátil.', '2024-02-16'),
(18, 18, '¿Qué juegos incluye?', 13, 'No incluye juegos, se venden por separado.', '2024-02-19'),
(19, 19, '¿Es café molido o en grano?', 14, 'Viene en grano para moler en casa.', '2024-02-21'),
(20, 20, '¿Las teclas son silenciosas?', 15, 'No, es un teclado mecánico con sonido de click.', '2024-02-23'),
(21, 21, '¿El drone incluye batería extra?', 22, 'No, la batería extra se vende por separado.', '2024-03-02'),
(22, 21, '¿Es fácil de volar para principiantes?', 23, 'Sí, tiene modos de vuelo asistidos para principiantes.', '2024-03-03'),
(23, 22, '¿Qué tipo de pisada es recomendable?', 24, 'Es ideal para pisada neutra.', '2024-03-06'),
(24, 23, '¿Tiene función de autovaciado?', 25, 'Este modelo no, pero otros de la marca sí.', '2024-03-09'),
(25, 24, '¿El precio es por una o por el par?', 26, 'El precio es por el par de mancuernas.', '2024-03-11'),
(26, 25, '¿Las hojas son a color o blanco y negro?', 27, 'Son a color, con ilustraciones de alta calidad.', '2024-03-13'),
(27, 25, '¿Viene con garantía?', 28, 'Sí, garantía de un año directamente con el fabricante.', '2024-03-16'),
(28, 22, '¿Es un libro de bolsillo o tapa dura?', 21, 'Es un libro de bolsillo.', '2024-04-19'),
(29, 1, '¿Incluye control remoto?', 3, 'Sí, se entrega con control y batería.', '2025-06-02'),
(30, 2, '¿Está disponible en otros colores?', 5, 'Sí, tenemos azul y gris.', '2025-06-03'),
(31, 3, '¿La app es compatible con iOS?', 7, 'Sí, funciona con iOS y Android.', '2025-06-04'),
(32, 4, '¿Cuál es el peso total del set?', 6, 'Aproximadamente 15kg.', '2025-06-05'),
(33, 5, '¿La colección está completa?', 8, 'Sí, son los 10 tomos originales.', '2025-06-06'),
(34, 6, '¿Qué garantía tiene?', 9, '6 meses directamente con el fabricante.', '2025-06-07'),
(35, 7, '¿Se puede retirar en persona?', 10, 'Sí, coordinamos por mensaje privado.', '2025-06-08'),
(36, 8, '¿Vienen con tapas de vidrio?', 12, 'Sí, cada olla tiene su tapa.', '2025-06-09'),
(37, 9, '¿Qué rodado tiene la bicicleta?', 13, 'Es rodado 29.', '2025-06-10'),
(38, 10, '¿Son inalámbricos?', 14, 'Sí, y tienen cancelación activa de ruido.', '2025-06-11'),
(39, 11, '¿Qué herramientas incluye?', 15, 'Desde martillo hasta destornilladores de precisión.', '2025-06-12'),
(40, 12, '¿Se hacen envíos al interior?', 16, 'Sí, usamos Correo Argentino y OCA.', '2025-06-13'),
(41, 13, '¿Es de cerámica o acero inoxidable?', 17, 'Es acero inoxidable con antiadherente.', '2025-06-14'),
(42, 14, '¿Qué cantidad de semillas trae?', 18, 'Entre 40 y 60 por sobre.', '2025-06-15'),
(43, 15, '¿Se pueden lavar los pinceles?', 19, 'Sí, son reutilizables y fáciles de limpiar.', '2025-06-16');

-- ALL Venta Directa (initial and new)
INSERT INTO `TPintegrador`.`ventaDirecta` (`idVentaDirecta`, `idMetodoPago`, `idMetodoEnvio`) VALUES
(1, 1, 1), (2, 2, 2), (3, 3, 1), (4, 4, 2),
(5, 1, 1), (6, 2, 2), (7, 3, 1), (8, 4, 2),
(9, 1, 1), (10, 2, 2), (11, 3, 1), (12, 4, 2),
(13, 1, 1), (14, 2, 2), (15, 3, 1), (16, 4, 2), (17, 1, 1),
(18, 3, 2),
(19, 1, 2),
(20, 1, 2),
(21, 1, 1),
(22, 1, 2),
(23, 4, 2),
(24, 4, 1),
(25, 1, 2),
(26, 2, 2),
(27, 4, 1);

-- ALL Compras (initial and new)
INSERT INTO `TPintegrador`.`compra` (`idPublicacion`, `idComprador`, `idVenta`, `satisfaccionC`, `satisfaccionV`) VALUES
(9, 2, 1, 5, 4),
(10, 3, 2, 4, 5),
(11, 4, 3, 3, 3),
(12, 5, 4, 2, 2),
(13, 6, 5, 5, 5),
(14, 7, 6, 4, 2),
(15, 8, 7, 5, 4),
(16, 9, 8, 3, 3),
(17, 10, 9, 2, 5),
(18, 11, 10, 5, 4),
(19, 12, 11, 4, 4),
(20, 13, 12, 5, 5),
(21, 14, 13, 3, 2),
(22, 15, 14, 2, 3),
(23, 16, 15, 5, 4),
(24, 17, 16, 4, 5),
(25, 18, 17, 5, 3),
(30, 5, 18, 4, 2),
(31, 1, 19, 3, 2),
(32, 33, 20, 5, 1),
(33, 16, 21, 1, 2),
(34, 18, 22, 2, 1),
(35, 28, 23, 3, 2),
(36, 3, 24, 1, 2),
(37, 9, 25, 3, 2),
(38, 9, 26, 5, 5),
(39, 11, 27, 4, 3);
